<?xml version="1.0" encoding="UTF-8"?>
<project-private xmlns="http://www.netbeans.org/ns/project-private/1">
    <editor-bookmarks xmlns="http://www.netbeans.org/ns/editor-bookmarks/2" lastBookmarkId="0"/>
    <open-files xmlns="http://www.netbeans.org/ns/projectui-open-files/2">
        <group>
            <file>file:/C:/Users/Dillon/Documents/NetBeansProjects/Boggle/src/boggle/Boggle.java</file>
            <file>file:/C:/Users/Dillon/Documents/NetBeansProjects/Boggle/src/core/Board.java</file>
            <file>file:/C:/Users/Dillon/Documents/NetBeansProjects/Boggle/src/core/IBoard.java</file>
            <file>file:/C:/Users/Dillon/Documents/NetBeansProjects/Boggle/src/core/Die.java</file>
            <file>file:/C:/Users/Dillon/Documents/NetBeansProjects/Boggle/src/core/IDie.java</file>
        </group>
    </open-files>
</project-private>
